A,B
05df5a39-f564-41d0-961c-29b51461c93d,a767168d-185e-46cc-864d-0234a683859a
05df5a39-f564-41d0-961c-29b51461c93d,b09b7a24-edc9-4bd0-abaf-8a215fd1c7b8
05df5a39-f564-41d0-961c-29b51461c93d,e8ce3c4b-5a41-446c-a091-dbcd79f45a3e
05df5a39-f564-41d0-961c-29b51461c93d,b0997ac1-94fd-47be-a502-e8e6f6611acc
05df5a39-f564-41d0-961c-29b51461c93d,19dabbe5-7608-4ec5-81df-0b9af76be4f0
05df5a39-f564-41d0-961c-29b51461c93d,2adda9a5-33b1-4616-8b87-8b768b179753
05df5a39-f564-41d0-961c-29b51461c93d,21692255-e554-460e-b256-fcaed055bf03
05df5a39-f564-41d0-961c-29b51461c93d,b7bb06f3-b1fd-4bb7-8b9c-a969b0dcddc2
11aaaf1f-033f-4799-a04f-83238d376b13,a767168d-185e-46cc-864d-0234a683859a
11aaaf1f-033f-4799-a04f-83238d376b13,b09b7a24-edc9-4bd0-abaf-8a215fd1c7b8
11aaaf1f-033f-4799-a04f-83238d376b13,e8ce3c4b-5a41-446c-a091-dbcd79f45a3e
11aaaf1f-033f-4799-a04f-83238d376b13,b0997ac1-94fd-47be-a502-e8e6f6611acc
11aaaf1f-033f-4799-a04f-83238d376b13,19dabbe5-7608-4ec5-81df-0b9af76be4f0
11aaaf1f-033f-4799-a04f-83238d376b13,2adda9a5-33b1-4616-8b87-8b768b179753
11aaaf1f-033f-4799-a04f-83238d376b13,0020474d-f92e-4625-b82f-1eb966179481
11aaaf1f-033f-4799-a04f-83238d376b13,21692255-e554-460e-b256-fcaed055bf03
11aaaf1f-033f-4799-a04f-83238d376b13,b7bb06f3-b1fd-4bb7-8b9c-a969b0dcddc2
ec8bfa81-3285-455e-ae4d-4f232fd71287,a767168d-185e-46cc-864d-0234a683859a
ec8bfa81-3285-455e-ae4d-4f232fd71287,b09b7a24-edc9-4bd0-abaf-8a215fd1c7b8
ec8bfa81-3285-455e-ae4d-4f232fd71287,e8ce3c4b-5a41-446c-a091-dbcd79f45a3e
ec8bfa81-3285-455e-ae4d-4f232fd71287,b0997ac1-94fd-47be-a502-e8e6f6611acc
ec8bfa81-3285-455e-ae4d-4f232fd71287,19dabbe5-7608-4ec5-81df-0b9af76be4f0
ec8bfa81-3285-455e-ae4d-4f232fd71287,616d7804-6cf3-41df-ae8c-ab4371cd6ad3
ec8bfa81-3285-455e-ae4d-4f232fd71287,e73dd8ee-c0bd-4c50-bb79-24334f25e0ed
ec8bfa81-3285-455e-ae4d-4f232fd71287,2adda9a5-33b1-4616-8b87-8b768b179753
ec8bfa81-3285-455e-ae4d-4f232fd71287,7c696d91-3d46-4d96-aa11-487a2cf4ea95
ec8bfa81-3285-455e-ae4d-4f232fd71287,58302643-25a1-4aa6-9e77-8f213280d74e
ec8bfa81-3285-455e-ae4d-4f232fd71287,21692255-e554-460e-b256-fcaed055bf03
ec8bfa81-3285-455e-ae4d-4f232fd71287,e9124d04-203a-4950-aab1-8618b6629fbd
ec8bfa81-3285-455e-ae4d-4f232fd71287,b7bb06f3-b1fd-4bb7-8b9c-a969b0dcddc2
74ee9bb1-71ba-4cb8-96d9-2fcb74a51571,a767168d-185e-46cc-864d-0234a683859a
74ee9bb1-71ba-4cb8-96d9-2fcb74a51571,b09b7a24-edc9-4bd0-abaf-8a215fd1c7b8
74ee9bb1-71ba-4cb8-96d9-2fcb74a51571,e8ce3c4b-5a41-446c-a091-dbcd79f45a3e
74ee9bb1-71ba-4cb8-96d9-2fcb74a51571,b0997ac1-94fd-47be-a502-e8e6f6611acc
74ee9bb1-71ba-4cb8-96d9-2fcb74a51571,19dabbe5-7608-4ec5-81df-0b9af76be4f0
74ee9bb1-71ba-4cb8-96d9-2fcb74a51571,616d7804-6cf3-41df-ae8c-ab4371cd6ad3
74ee9bb1-71ba-4cb8-96d9-2fcb74a51571,e73dd8ee-c0bd-4c50-bb79-24334f25e0ed
74ee9bb1-71ba-4cb8-96d9-2fcb74a51571,2adda9a5-33b1-4616-8b87-8b768b179753
74ee9bb1-71ba-4cb8-96d9-2fcb74a51571,7c696d91-3d46-4d96-aa11-487a2cf4ea95
74ee9bb1-71ba-4cb8-96d9-2fcb74a51571,58302643-25a1-4aa6-9e77-8f213280d74e
74ee9bb1-71ba-4cb8-96d9-2fcb74a51571,21692255-e554-460e-b256-fcaed055bf03
74ee9bb1-71ba-4cb8-96d9-2fcb74a51571,e9124d04-203a-4950-aab1-8618b6629fbd
74ee9bb1-71ba-4cb8-96d9-2fcb74a51571,b7bb06f3-b1fd-4bb7-8b9c-a969b0dcddc2
0cd34184-3b68-46ce-97d1-bdc7f5d75ade,a767168d-185e-46cc-864d-0234a683859a
0cd34184-3b68-46ce-97d1-bdc7f5d75ade,b09b7a24-edc9-4bd0-abaf-8a215fd1c7b8
0cd34184-3b68-46ce-97d1-bdc7f5d75ade,e8ce3c4b-5a41-446c-a091-dbcd79f45a3e
0cd34184-3b68-46ce-97d1-bdc7f5d75ade,b0997ac1-94fd-47be-a502-e8e6f6611acc
0cd34184-3b68-46ce-97d1-bdc7f5d75ade,19dabbe5-7608-4ec5-81df-0b9af76be4f0
0cd34184-3b68-46ce-97d1-bdc7f5d75ade,616d7804-6cf3-41df-ae8c-ab4371cd6ad3
0cd34184-3b68-46ce-97d1-bdc7f5d75ade,e73dd8ee-c0bd-4c50-bb79-24334f25e0ed
0cd34184-3b68-46ce-97d1-bdc7f5d75ade,2adda9a5-33b1-4616-8b87-8b768b179753
0cd34184-3b68-46ce-97d1-bdc7f5d75ade,7c696d91-3d46-4d96-aa11-487a2cf4ea95
0cd34184-3b68-46ce-97d1-bdc7f5d75ade,58302643-25a1-4aa6-9e77-8f213280d74e
0cd34184-3b68-46ce-97d1-bdc7f5d75ade,21692255-e554-460e-b256-fcaed055bf03
0cd34184-3b68-46ce-97d1-bdc7f5d75ade,e9124d04-203a-4950-aab1-8618b6629fbd
0cd34184-3b68-46ce-97d1-bdc7f5d75ade,b7bb06f3-b1fd-4bb7-8b9c-a969b0dcddc2
6d042940-afd4-42e2-94c8-9f6f8aae1c9d,a767168d-185e-46cc-864d-0234a683859a
6d042940-afd4-42e2-94c8-9f6f8aae1c9d,b09b7a24-edc9-4bd0-abaf-8a215fd1c7b8
6d042940-afd4-42e2-94c8-9f6f8aae1c9d,e8ce3c4b-5a41-446c-a091-dbcd79f45a3e
6d042940-afd4-42e2-94c8-9f6f8aae1c9d,b0997ac1-94fd-47be-a502-e8e6f6611acc
6d042940-afd4-42e2-94c8-9f6f8aae1c9d,19dabbe5-7608-4ec5-81df-0b9af76be4f0
6d042940-afd4-42e2-94c8-9f6f8aae1c9d,545daed7-cd37-4927-815c-0417c8ccb113
6d042940-afd4-42e2-94c8-9f6f8aae1c9d,b7bb06f3-b1fd-4bb7-8b9c-a969b0dcddc2
8887fa4b-4226-4ef1-9a86-68fe914dec29,a767168d-185e-46cc-864d-0234a683859a
8887fa4b-4226-4ef1-9a86-68fe914dec29,b09b7a24-edc9-4bd0-abaf-8a215fd1c7b8
8887fa4b-4226-4ef1-9a86-68fe914dec29,e8ce3c4b-5a41-446c-a091-dbcd79f45a3e
8887fa4b-4226-4ef1-9a86-68fe914dec29,b0997ac1-94fd-47be-a502-e8e6f6611acc
8887fa4b-4226-4ef1-9a86-68fe914dec29,19dabbe5-7608-4ec5-81df-0b9af76be4f0
8887fa4b-4226-4ef1-9a86-68fe914dec29,2adda9a5-33b1-4616-8b87-8b768b179753
8887fa4b-4226-4ef1-9a86-68fe914dec29,b7bb06f3-b1fd-4bb7-8b9c-a969b0dcddc2
67b281f2-457e-4d82-9a17-1db1d22cfc00,a767168d-185e-46cc-864d-0234a683859a
67b281f2-457e-4d82-9a17-1db1d22cfc00,b09b7a24-edc9-4bd0-abaf-8a215fd1c7b8
67b281f2-457e-4d82-9a17-1db1d22cfc00,e8ce3c4b-5a41-446c-a091-dbcd79f45a3e
67b281f2-457e-4d82-9a17-1db1d22cfc00,b0997ac1-94fd-47be-a502-e8e6f6611acc
67b281f2-457e-4d82-9a17-1db1d22cfc00,19dabbe5-7608-4ec5-81df-0b9af76be4f0
67b281f2-457e-4d82-9a17-1db1d22cfc00,e73dd8ee-c0bd-4c50-bb79-24334f25e0ed
67b281f2-457e-4d82-9a17-1db1d22cfc00,b7bb06f3-b1fd-4bb7-8b9c-a969b0dcddc2
166c7b72-5c35-431d-ba60-20f3638561e3,a767168d-185e-46cc-864d-0234a683859a
166c7b72-5c35-431d-ba60-20f3638561e3,b09b7a24-edc9-4bd0-abaf-8a215fd1c7b8
166c7b72-5c35-431d-ba60-20f3638561e3,e8ce3c4b-5a41-446c-a091-dbcd79f45a3e
166c7b72-5c35-431d-ba60-20f3638561e3,b0997ac1-94fd-47be-a502-e8e6f6611acc
166c7b72-5c35-431d-ba60-20f3638561e3,19dabbe5-7608-4ec5-81df-0b9af76be4f0
166c7b72-5c35-431d-ba60-20f3638561e3,2adda9a5-33b1-4616-8b87-8b768b179753
166c7b72-5c35-431d-ba60-20f3638561e3,b7bb06f3-b1fd-4bb7-8b9c-a969b0dcddc2
15b9f95a-2c28-442b-9ed3-55e3b7abb435,a767168d-185e-46cc-864d-0234a683859a
15b9f95a-2c28-442b-9ed3-55e3b7abb435,b09b7a24-edc9-4bd0-abaf-8a215fd1c7b8
15b9f95a-2c28-442b-9ed3-55e3b7abb435,e8ce3c4b-5a41-446c-a091-dbcd79f45a3e
15b9f95a-2c28-442b-9ed3-55e3b7abb435,b0997ac1-94fd-47be-a502-e8e6f6611acc
15b9f95a-2c28-442b-9ed3-55e3b7abb435,19dabbe5-7608-4ec5-81df-0b9af76be4f0
15b9f95a-2c28-442b-9ed3-55e3b7abb435,2adda9a5-33b1-4616-8b87-8b768b179753
15b9f95a-2c28-442b-9ed3-55e3b7abb435,b7bb06f3-b1fd-4bb7-8b9c-a969b0dcddc2
32dfa142-bce9-42c1-8953-cdf8df50b97b,a767168d-185e-46cc-864d-0234a683859a
32dfa142-bce9-42c1-8953-cdf8df50b97b,b09b7a24-edc9-4bd0-abaf-8a215fd1c7b8
32dfa142-bce9-42c1-8953-cdf8df50b97b,e8ce3c4b-5a41-446c-a091-dbcd79f45a3e
32dfa142-bce9-42c1-8953-cdf8df50b97b,b0997ac1-94fd-47be-a502-e8e6f6611acc
32dfa142-bce9-42c1-8953-cdf8df50b97b,19dabbe5-7608-4ec5-81df-0b9af76be4f0
32dfa142-bce9-42c1-8953-cdf8df50b97b,2adda9a5-33b1-4616-8b87-8b768b179753
32dfa142-bce9-42c1-8953-cdf8df50b97b,6ae26d99-9e7f-4110-81a7-6f9c33bc237f
32dfa142-bce9-42c1-8953-cdf8df50b97b,b7bb06f3-b1fd-4bb7-8b9c-a969b0dcddc2
cd4d2628-9b4d-4e91-8e58-d3b0293e8247,a767168d-185e-46cc-864d-0234a683859a
cd4d2628-9b4d-4e91-8e58-d3b0293e8247,b09b7a24-edc9-4bd0-abaf-8a215fd1c7b8
cd4d2628-9b4d-4e91-8e58-d3b0293e8247,e8ce3c4b-5a41-446c-a091-dbcd79f45a3e
cd4d2628-9b4d-4e91-8e58-d3b0293e8247,b0997ac1-94fd-47be-a502-e8e6f6611acc
cd4d2628-9b4d-4e91-8e58-d3b0293e8247,19dabbe5-7608-4ec5-81df-0b9af76be4f0
cd4d2628-9b4d-4e91-8e58-d3b0293e8247,2adda9a5-33b1-4616-8b87-8b768b179753
cd4d2628-9b4d-4e91-8e58-d3b0293e8247,b7bb06f3-b1fd-4bb7-8b9c-a969b0dcddc2
c07bd2b5-e659-4afc-9f3d-b07722e885e9,a767168d-185e-46cc-864d-0234a683859a
c07bd2b5-e659-4afc-9f3d-b07722e885e9,b09b7a24-edc9-4bd0-abaf-8a215fd1c7b8
c07bd2b5-e659-4afc-9f3d-b07722e885e9,e8ce3c4b-5a41-446c-a091-dbcd79f45a3e
c07bd2b5-e659-4afc-9f3d-b07722e885e9,b0997ac1-94fd-47be-a502-e8e6f6611acc
c07bd2b5-e659-4afc-9f3d-b07722e885e9,19dabbe5-7608-4ec5-81df-0b9af76be4f0
c07bd2b5-e659-4afc-9f3d-b07722e885e9,2adda9a5-33b1-4616-8b87-8b768b179753
c07bd2b5-e659-4afc-9f3d-b07722e885e9,b7bb06f3-b1fd-4bb7-8b9c-a969b0dcddc2
202b6f97-59b8-4132-82e7-181d08aa9949,a767168d-185e-46cc-864d-0234a683859a
202b6f97-59b8-4132-82e7-181d08aa9949,b09b7a24-edc9-4bd0-abaf-8a215fd1c7b8
202b6f97-59b8-4132-82e7-181d08aa9949,e8ce3c4b-5a41-446c-a091-dbcd79f45a3e
202b6f97-59b8-4132-82e7-181d08aa9949,b0997ac1-94fd-47be-a502-e8e6f6611acc
202b6f97-59b8-4132-82e7-181d08aa9949,19dabbe5-7608-4ec5-81df-0b9af76be4f0
202b6f97-59b8-4132-82e7-181d08aa9949,58302643-25a1-4aa6-9e77-8f213280d74e
202b6f97-59b8-4132-82e7-181d08aa9949,b7bb06f3-b1fd-4bb7-8b9c-a969b0dcddc2
18bb6098-0296-4a44-8d10-93ecfadcbb77,a767168d-185e-46cc-864d-0234a683859a
18bb6098-0296-4a44-8d10-93ecfadcbb77,b09b7a24-edc9-4bd0-abaf-8a215fd1c7b8
18bb6098-0296-4a44-8d10-93ecfadcbb77,e8ce3c4b-5a41-446c-a091-dbcd79f45a3e
18bb6098-0296-4a44-8d10-93ecfadcbb77,b0997ac1-94fd-47be-a502-e8e6f6611acc
18bb6098-0296-4a44-8d10-93ecfadcbb77,19dabbe5-7608-4ec5-81df-0b9af76be4f0
18bb6098-0296-4a44-8d10-93ecfadcbb77,58302643-25a1-4aa6-9e77-8f213280d74e
18bb6098-0296-4a44-8d10-93ecfadcbb77,b7bb06f3-b1fd-4bb7-8b9c-a969b0dcddc2
a4a72364-60f7-4baa-b8fa-9321f6788337,a767168d-185e-46cc-864d-0234a683859a
a4a72364-60f7-4baa-b8fa-9321f6788337,b09b7a24-edc9-4bd0-abaf-8a215fd1c7b8
a4a72364-60f7-4baa-b8fa-9321f6788337,e8ce3c4b-5a41-446c-a091-dbcd79f45a3e
a4a72364-60f7-4baa-b8fa-9321f6788337,b0997ac1-94fd-47be-a502-e8e6f6611acc
a4a72364-60f7-4baa-b8fa-9321f6788337,19dabbe5-7608-4ec5-81df-0b9af76be4f0
a4a72364-60f7-4baa-b8fa-9321f6788337,39322923-3402-4c2e-a789-e9568de43364
a4a72364-60f7-4baa-b8fa-9321f6788337,b7bb06f3-b1fd-4bb7-8b9c-a969b0dcddc2
bbee8c1a-94ca-4083-b455-550374b48289,a767168d-185e-46cc-864d-0234a683859a
bbee8c1a-94ca-4083-b455-550374b48289,b09b7a24-edc9-4bd0-abaf-8a215fd1c7b8
bbee8c1a-94ca-4083-b455-550374b48289,e8ce3c4b-5a41-446c-a091-dbcd79f45a3e
bbee8c1a-94ca-4083-b455-550374b48289,b0997ac1-94fd-47be-a502-e8e6f6611acc
bbee8c1a-94ca-4083-b455-550374b48289,19dabbe5-7608-4ec5-81df-0b9af76be4f0
bbee8c1a-94ca-4083-b455-550374b48289,39322923-3402-4c2e-a789-e9568de43364
bbee8c1a-94ca-4083-b455-550374b48289,b7bb06f3-b1fd-4bb7-8b9c-a969b0dcddc2
c21c7243-f920-432f-90f4-14e1eb1a803d,a767168d-185e-46cc-864d-0234a683859a
c21c7243-f920-432f-90f4-14e1eb1a803d,b09b7a24-edc9-4bd0-abaf-8a215fd1c7b8
c21c7243-f920-432f-90f4-14e1eb1a803d,e8ce3c4b-5a41-446c-a091-dbcd79f45a3e
c21c7243-f920-432f-90f4-14e1eb1a803d,b0997ac1-94fd-47be-a502-e8e6f6611acc
c21c7243-f920-432f-90f4-14e1eb1a803d,19dabbe5-7608-4ec5-81df-0b9af76be4f0
c21c7243-f920-432f-90f4-14e1eb1a803d,b7bb06f3-b1fd-4bb7-8b9c-a969b0dcddc2
213e17ad-3865-4133-96f2-486588ad8841,a767168d-185e-46cc-864d-0234a683859a
213e17ad-3865-4133-96f2-486588ad8841,b09b7a24-edc9-4bd0-abaf-8a215fd1c7b8
213e17ad-3865-4133-96f2-486588ad8841,e8ce3c4b-5a41-446c-a091-dbcd79f45a3e
213e17ad-3865-4133-96f2-486588ad8841,b0997ac1-94fd-47be-a502-e8e6f6611acc
213e17ad-3865-4133-96f2-486588ad8841,19dabbe5-7608-4ec5-81df-0b9af76be4f0
213e17ad-3865-4133-96f2-486588ad8841,2adda9a5-33b1-4616-8b87-8b768b179753
213e17ad-3865-4133-96f2-486588ad8841,b7bb06f3-b1fd-4bb7-8b9c-a969b0dcddc2